ActionId,SourceType,MobDescription,LocationDescription,X,Y,Level,Note
11383,carnivale,提丰,假面狂欢20,,,50,
11383,trail,提丰,艾玛吉娜杯斗技大会决赛,,,50,
11384,trail,奥尔特罗斯,艾玛吉娜杯斗技大会决赛,,,50,
11385,special,自动习得,,,,1,
11386,dungeon,塞壬,领航明灯天狼星灯塔,,,50,BOSS #4，同一副本还有专属技能 4狂乱
11386,hunt,阿格拉俄珀,伊尔美格,,,80,
11387,carnivale,斗兽系统,假面狂欢15,,,50,
11387,raid,自卫系统,巴哈姆特大迷宫 邂逅之章1,,,50,
11387,raid,监视/净化/防卫/焚烧/迎击/防疫/自卫系统,巴哈姆特大迷宫 邂逅之章2,,,50,
11388,dungeon,魔界花、守财夫人,毒雾洞窟黄金谷,,,47,"BOSS #2前一只, BOSS #3前两只，BOSS #3"
11388,dungeon,人面树,风水灵庙岩燕庙,,,70,BOSS #2前小怪
11388,dungeon,魔界蔷薇,邪念妖地无限城古堡,,,50,1号boss后2体
11388,fate,污染魔界花,奥阔帕恰山：黑水,8.3,23.1,93,
11388,fate,紫魔花,太阳神草原：臭得冒泡,30.2,15.8,62,
11388,fate,太阳魔花纳兰切切格,太阳神草原：重逢的阻挠者——太阳魔花纳兰切切格,33,24.6,62,
11388,guildhests,剧毒魔花谭琳,行会令：讨伐污染源头魔界花！,,,30,
11388,map,魔界花,黑衣森林东部林区,23,21,44,
11388,map,套索花,黑衣森林南部林区,21,28,31,
11388,map,套索花、臭套索花,黑衣森林中央林区,18,21,31,
11388,map,魔界花,摩杜纳,14,14,44,
11388,map,紫魔花,太阳神草原,34.4,20.5,65,
11388,raid,方舟魔界花,魔航船虚无方舟,,,60,
11389,dungeon,祖,领航明灯天狼星灯塔,,,50,BOSS #2，打破两个蛋后使用，即死效果与比例伤害有效。同一副本还有专属技能 9苦闷之歌。
11389,hunt,角祖,拉诺西亚外地,,,50,
11390,carnivale,奥尔特罗斯,假面狂欢20,,,50,
11390,trail,奥尔特罗斯,艾玛吉娜杯斗技大会决赛,,,50,
11390,trail,利维亚桑,利维亚桑歼殛战,,,50,
11390,trail,利维亚桑,利维亚桑歼灭战,,,50,
11391,carnivale,启示者,假面狂欢25,,,50,
11391,dungeon,哥革巨像,骚乱坑道铜铃铜山,,,50,BOSS #2
11391,dungeon,喀恩守护者,苏醒遗迹喀恩埋没圣堂,,,50,BOSS #2后面
11391,jobquest,辉长岩巨像 ,魔法城邦玛哈的阴谋,,,53,学者53级职业任务，需与学者组队学习
11391,map,泥土巨像,黑衣森林北部林区,19,28,28,
11391,map,陨坑巨像,黑衣森林中央林区,11,16,34,
11391,map,玄岩巨像,拉诺西亚外地,16,16,34,
11391,map,砂石巨像,南萨纳兰,24,13,29,
11391,treasure,七彩巨像,惊奇百宝城,,,90,寻宝：陈旧的金毗罗鳄革地图（G14）
11392,dungeon,多节树精,邪念妖地无限城古堡,,,50,
11392,fate,蔷提可,拉凯提卡大森林：不燃怪树——蔷提可,,,74,
11392,hunt,乌尔伽鲁,黑衣森林东部林区,,,50,
11392,map,幼体树精,黑衣森林北部林区,27,28,12,
11392,map,幼体树精,黑衣森林东部林区,13,25,12,
11392,map,幼体树精,黑衣森林中央林区,27,15,12,
11393,guildhests, 鲁莽野猪,行会令：突破所有关门，讨伐最深处的敌人！,,,15,
11393,map,狂野疣猪,黑衣森林东部林区,18,24,20,
11394,dungeon,主宰者 加尔梵斯,地下灵殿塔姆·塔拉墓园,,,16,BOSS#3。解除限制时也必定学会。低于一定生命值后咏唱，别秒了。
11394,hunt,夺心魔,黑衣森林南部林区,,,50,
11394,raid,爆破者,亚历山大机神城 律动之章2,,,60,BOSS#1。无读条全屏AOE，解除限制时也必定学会。
11394,raid,爆破者,亚历山大机神城 律动之章4,,,60,击败的第三波敌人之一。无读条全屏AOE，解除限制时也必定学会。同一副本还有专属技能 80正义飞踢
11394,raid,爆破者、爆破者幻象,亚历山大零式机神城 律动之章2,,,60,低于一定生命值后召唤爆破者幻象，BOSS#1 解除限制时也必定学会。
11394,raid,爆破者,亚历山大零式机神城 律动之章4,,,60,击败的第三波敌人之一。解除限制时也必定学会。同一副本还有专属技能 80正义飞踢
11395,dungeon,金谷蝙蝠,毒雾洞窟黄金谷,,,47,BOSS #2前小怪
11395,dungeon,圣堂蝙蝠,古代遗迹喀恩埋没圣堂,,,35,BOSS #1前小怪
11395,dungeon,日影地蝙蝠,剑斗领域日影地修炼所,,,50,
11395,dungeon,沙漠蝙蝠,流沙迷宫樵鸣洞,,,38,开场小怪
11395,dungeon,阁楼蝙蝠,名门府邸静语庄园,,,28,BOSS #1前小怪
11395,dungeon,圣堂蝙蝠,苏醒遗迹喀恩埋没圣堂,,,50,BOSS #1前小怪
11395,map,小狐蝠,黑衣森林北部林区,23,25,37,
11395,map,漆黑蝙蝠、血蚤,黑衣森林东部林区,17,23,21,
11395,map,小狐蝠,黑衣森林南部林区,24,23,37,
11395,map,洞穴蝙蝠,拉诺西亚低地,27,16,7,
11395,map,黄昏蝙蝠,西拉诺西亚,28,24,15,
11395,map,烈阳蝙蝠,中萨纳兰,26,18,14,
11396,dungeon,青蓝之手滑翔兵,纷争要地布雷福洛克斯野营地,,,50,2号boss无限刷，boss之前同名怪不会使用该技能
11396,guildhests, 法外哥布林,行会令：击溃哥布林炸弹军团！,,,25,
11396,hunt,机工兵 斯利普金克斯,龙堡内陆低地,9.5,22,60,
11396,map,哥布林猎手,黑衣森林东部林区,11,28,11,
11396,map,哥布林暴徒,黑衣森林南部林区,28,21,28,
11396,map,哥布林滑翔兵,龙堡内陆低地,32.8,23.3,58,
11396,map,哥布林猎手,西拉诺西亚,27,23,18,
11396,map,哥布林劫匪,西萨纳兰,19,26,8,
11396,map,哥布林鱼师、哥布林赌徒,中拉诺西亚,23,21,5,
11397,dungeon,仙人刺逃兵,流沙迷宫樵鸣洞,,,38,BOSS #1后小怪
11397,map,仙人刺舞蹈家,南萨纳兰,16,15,24,
11398,dungeon,3号哥布林装甲,纷争要地布雷福洛克斯野营地,,,50,BOSS #2
11398,dungeon,第六大队魔导先锋,幻龙残骸密约之塔,,,50,BOSS#2召唤的小怪
11398,dungeon,多玛魔导先锋 ,解放决战多玛王城,,,67,BOSS #1后小怪
11398,fate,废弃的魔导先锋,北萨纳兰：逆向工程,,,46,
11398,map,魔导先锋强化型,北萨纳兰,16,15,50,血量低于 60% 后使用
11399,dungeon,拜书魔,秘本宝库迦巴勒幻想图书馆,,,60,BOSS #1前小怪，无读条顺劈，同一副本还有专属技能 60魔法锤 76小侦测。恰好是第一波怪中唯一有催眠抗性的，同步时推荐使用职能技能先将第一波全部催眠，等它放技能后寒冰咆哮+超振动
11399,dungeon,阿难塔波嘉,邪教驻地无限城古堡,,,50,
11399,levequests,焚书任务：回收禁书《尖牙利齿的怪物》 暗黑扎哈克,摩杜纳,,,50,
11399,raid,瓦力弗,水晶塔 古代人迷宫,,,50,
11400,dungeon,冬贝利王,神灵圣域放浪神古神殿,,,50,BOSS #3
11400,hunt,玛贝利,拉诺西亚高地,,,50,
11401,dungeon,但他林、幻影骑士,惨剧灵殿塔姆·塔拉墓园,,,50,BOSS #2前小怪
11401,dungeon,巴尔泽芬,腐坏遗迹无限城市街古迹,,,50,BOSS #3前小怪
11401,hunt,永恒不灭的菲兰德副耀士,北萨纳兰,,,50,远离目标时瞬发使用
11402,dungeon,6号哥布林坦克,纷争要地布雷福洛克斯野营地,,,50,BOSS #3
11402,dungeon,魔导炮艇,幻龙残骸密约之塔,,,50,BOSS #2
11402,raid,欧米茄,欧米茄时空狭缝 阿尔法幻境3,,,70,同一副本还有专属技能 94芥末爆弹 101生成外设
11403,map,卢恩人烘鸥手,东拉诺西亚,26,32,32,
11403,map,卢恩人跑獐手,东萨纳兰,24,23,26,
11403,map,卢恩人助猎者,黑衣森林北部林区,22,30,29,
11403,map,卢恩人捣乱者,黑衣森林中央林区,17,20,10,
11403,map,卢恩人食肉者,基拉巴尼亚山区,17.3,17.6,60,
11403,map,卢恩人拍岸手,拉诺西亚低地,19,35,32,
11403,map,卢恩人护甲手,中萨纳兰,16,19,6,
11404,dungeon,数币巨人,毒雾洞窟黄金谷,,,47,BOSS #2，解除限制时也必定学会
11404,fate,复仇者,遗产之地：怨怼的独眼——复仇者,24,34.5,98,必定学会
11404,hunt,布隆特斯,中萨纳兰,,,50,
11404,map,孤眼巨人,遗产之地,25,33,98,必定学会
11405,raid,守护者,欧米茄时空狭缝 西格玛幻境3,,,70,不需要推调查员，更容易招募到人。无读条点名，附带火属性烧伤，长得和白光之鞭差不多，一般压不掉
11405,trail,恩奇都,无限城的死斗,,,50,只对变鸡角色使用
11406,raid,白焰,欧米茄零式时空狭缝 德尔塔幻境3,,,,
11406,special,学习 10 个技能后可从[乌尔达哈来生回廊]的[异男子嘎希迦]处获得[天青图腾],,,,1,
11406,trail,恩奇都,无限城的死斗,,,50,
11407,dungeon,谢尔达莱黄蜂,财宝传说破舰岛,,,50,一定生命值以下
11407,dungeon,圣堂蜂、粪便胡蜂,古代遗迹喀恩埋没圣堂,,,35,BOSS #1前小怪
11407,dungeon,神域胡蜂,空中神域不获岛,,,60,BOSS#1后多只
11407,map,杀手胡蜂,中拉诺西亚,15,15,13,
11408,dungeon,大井爆岩怪,避暑离宫马利卡大井,,,77,BOSS#1后小怪4只，体力低于30%后使用
11408,dungeon,定时爆弹怪,地脉灵灯天狼星灯塔,,,60,BOSS#2前后小怪
11408,dungeon,爆破爆弹怪、烈火弹怪,封锁坑道铜铃铜山,,,17,
11408,dungeon,榴霰弹怪,流沙迷宫樵鸣洞,,,38,BOSS #1前小怪
11408,dungeon,夫人手提灯,名门府邸静语庄园,,,28,BOSS #3召唤的小怪
11408,dungeon,瓦斯弹怪,魔兽领域日影地修炼所,,,20,
11408,dungeon, 终末的起爆,末日暗影亚马乌罗提,,,80,BOSS #2召唤的小怪
11408,dungeon,烈火弹怪、雷汞弹怪,骚乱坑道铜铃铜山,,,50,烈火弹怪为1号boss后3体，雷汞弹怪为1号boSS后1体，HP一定量以下
11408,dungeon,奇坦那回声,文明古迹奇坦那神影洞,,,75,BOSS#2后小怪2只
11408,guildhests,爆弹随从、爆弹杂佣、爆弹准男爵,行会令：讨伐爆弹怪的女王！,,,25,
11408,map,滑行爆弹怪,西萨纳兰,27,16,12,
11408,raid,护卫系统,巴哈姆特大迷宫 真源之章2,,,50,
11409,special,学习 20 个技能后可从[乌尔达哈来生回廊]的[异男子嘎希迦]处获得[天青图腾],,,,1,
11410,dungeon,铜铃夜蟾,骚乱坑道铜铃铜山,,,50,2号boss后2体
11410,map,痴笑巨蟾蜍,西萨纳兰,15,7,24,无读条瞬发使用，赋予自身回避率提高的buff
11411,special,学习 5 个技能后可从[乌尔达哈来生回廊]的[异男子嘎希迦]处获得[天青图腾],,,,1,
11412,dungeon,地底夜蟾蜍,毒雾洞黄金谷,,,47,BOSS #1前两只
11412,dungeon,战舰夜蟾蜍,幻龙残骸密约之塔,,,50,开场1体
11412,dungeon,铜铃夜蟾蜍,骚乱坑道铜铃铜山,,,50,2号boss后2体
11412,dungeon,韧骨夜蟾,山中战线泽梅尔要塞,,,44,1号boss后3体
11412,dungeon,犀蜴饲料,武装圣域放浪神古神殿,,,50,2号boss后打完粘液怪1体
11412,fate,杖蟾蜍,拉诺西亚低地：蛙蛙子,24,22,2,
11412,hunt,咕尔呱洛斯,拉诺西亚低地,,,50,
11412,map,巨蟾蜍,东拉诺西亚,17,27,33,
11412,map,梦蟾蜍,黑衣森林东部林区,26,18,46,
11412,map,山地鬣蜥,珂露西亚岛,24.2,18.3,78,
11412,map,痴笑巨蟾蜍,西萨纳兰,15,7,24,
11412,map,沙蟾蜍,西萨纳兰,23,23,14,
11412,map,毒蟾蜍,中萨纳兰,27,19,14,
11413,dungeon,真红龙虾,逆转要害沙斯塔夏溶洞,,,50,BOSS #1即死效果与比例伤害有效
11413,dungeon,倒影龙虾,漂流海域妖歌海,,,61,BOSS#1前精英怪1只，同步时可以考虑催眠整波怪后单独打醒
11413,map,峭壁巨钳虾,基拉巴尼亚山区,26,8,61,
11413,map,砂砾巨钳虾,夏劳尼荒野,23.82,17.65,96,
11413,raid,巨钳虾,亚历山大机神城 启动之章3,,,60,
11413,treasure,领峭壁巨钳虾,陈旧的瞪羚革地图,,,70,寻宝：陈旧的瞪羚革地图（G10），地表小怪
11414,dungeon,庄园的守卫,名门府邸静语庄园,,,28,BOSS #1门前小怪
11414,raid,诅咒之眼、腐朽之眼,水晶塔 古代人迷宫,,,50,
11415,special,完成 10 种假面狂欢关卡后可从[乌尔达哈来生回廊]的[异男子嘎希迦]处获得[天青图腾],,,,1,
11416,special,完成 20 种假面狂欢关卡后可从[乌尔达哈来生回廊]的[异男子嘎希迦]处获得[天青图腾],,,,1,
11417,special,学习 10 个技能后可从[乌尔达哈来生回廊]的[异男子嘎希迦]处获得[天青图腾],,,,1,
11418,carnivale,启示者,假面狂欢25,,,50,
11418,dungeon,庄园小丑,名门府邸静语庄园,,,50,BOSS #2
11418,jobquest,毕托所信徒,魔法城邦玛哈的阴谋,,,53,学者53级职业任务，需与学者组队学习
11418,map,破坏小魔精,东萨纳兰,14,19,19,
11418,map,捣蛋小鬼,黑衣森林中央林区,27,24,9,
11419,carnivale,阿皮狄马,假面狂欢21,,,50,
11419,carnivale,阿波卡里普斯,假面狂欢25,,,50,
11419,dungeon,完美奇美拉,博物战舰无限回廊,,,60,BOSS #2前精英怪1只，同步时可以考虑催眠整波怪后单独打醒
11419,dungeon,奇美拉,流沙迷宫樵鸣洞,,,38,BOSS #3
11419,dungeon,人工培养奇美拉,血战苍穹魔科学研究所,,,60,BOSS #2前精英怪1只，同步时可以考虑催眠整波怪后单独打醒
11419,fate,强化奇美拉,北萨纳兰：狂暴巨兽——强化奇美拉,,,49,成就危命。即死效果与比例伤害有效。似乎在低体力时更容易咏唱
11419,hunt,戾虫,雷克兰德,,,80,
11419,raid,原型奇美拉,巴哈姆特大迷宫 入侵之章2,,,50,第三波小怪之一。即死效果与比例伤害有效，但冻结、石化、眩晕、睡眠、麻痹等效果无效
11419,raid,古奇美拉,失落之都拉巴纳斯塔,,,70,BOSS #2后精英怪2只
11419,raid,加姆,水晶塔 暗之世界,,,50,生命值低于50%时咏唱，进本见到的前三只怪。即死效果与比例伤害有效。注意只有开怪的小队可以学到
11419,raid,女王爱犬,影之国,,,60,BOSS#4召唤的小怪
11419,trail,死化奇美拉,死化奇美拉讨伐战,,,50,
11419,treasure,神殿奇美拉,运河宝物库神殿,,,70,寻宝：陈旧的瞪羚革地图（G10）
11420,carnivale,阿皮狄马,假面狂欢21,,,50,
11420,carnivale,阿波卡里普斯,假面狂欢25,,,50,
11420,dungeon,完美奇美拉,博物战舰无限回廊,,,60,BOSS #2前精英怪1只，同步时可以考虑催眠整波怪后单独打醒
11420,dungeon,奇美拉,流沙迷宫樵鸣洞,,,38,BOSS #3
11420,dungeon,人工培养奇美拉,血战苍穹魔科学研究所,,,60,BOSS #2前精英怪1只，同步时可以考虑催眠整波怪后单独打醒
11420,fate,强化奇美拉,北萨纳兰：狂暴巨兽——强化奇美拉,,,49,成就危命。即死效果与比例伤害有效。似乎在低体力时更容易咏唱
11420,hunt,戾虫,雷克兰德,,,80,
11420,raid,原型奇美拉,巴哈姆特大迷宫 入侵之章2,,,50,第三波小怪之一。即死效果与比例伤害有效，但冻结、石化、眩晕、睡眠、麻痹等效果无效
11420,raid,古奇美拉,失落之都拉巴纳斯塔,,,70,BOSS #2后精英怪2只
11420,raid,加姆,水晶塔 暗之世界,,,50,生命值低于50%时咏唱，进本见到的前三只怪。即死效果与比例伤害有效。注意只有开怪的小队可以学到
11420,raid,女王爱犬,影之国,,,60,BOSS#4召唤的小怪
11420,trail,奇美拉,死化奇美拉讨伐战,,,50,
11420,treasure,神殿奇美拉,运河宝物库神殿,,,70,寻宝：陈旧的瞪羚革地图（G10）
11421,dungeon,冲浪水蜥、水栖蝾螈,休养胜地布雷福洛克斯野营地,,,32,冲浪水蜥生命值低于50%后咏唱
11421,map,静水泥沼蝾螈,摩杜纳,13,10,45,
11422,dungeon,克拉肯,逆转要害沙斯塔夏溶洞,,,50,BOSS #3
11423,hunt,血腥玛丽,东拉诺西亚,,,50,
11423,map,碧企鹅,东拉诺西亚,27,35,30,
11424,dungeon,库卡龙龟,激战城塞石卫塔,,,50,BOSS #2，即死效果与比例伤害有效
11424,fate,塔拉斯克,龙堡参天高地：坚甲铁龙——塔拉斯克,,,53,成就危命
11425,dungeon,折角骑士 寇黑加,武装圣域放浪神古神殿,,,50,BOSS #1，即死效果与比例伤害有效
11426,trail,迦楼罗、美翼、妙翅,迦楼罗歼殛战,,,50,
11427,dungeon,法厄同,厄尔庇斯育体宝殿,,,90,未确定可习得
11427,dungeon,伊弗利特,伊弗利特讨伐战,,,20,
11427,trail,伊弗利特,伊弗利特歼殛战,,,50,
11427,trail,伊弗利特,伊弗利特歼灭战,,,50,
11428,trail,泰坦,泰坦歼殛战,,,50,
11428,trail,泰坦,泰坦歼灭战,,,50,
11429,raid,拉姆,伊甸希望乐园 共鸣之章1,,,80,确定可习得
11429,trail,拉姆,拉姆歼殛战,,,50,
11429,trail,拉姆,拉姆歼灭战,,,50,
11430,trail,希瓦,希瓦歼殛战,,,50,在PART.2武器切换为弓后，瞬发使用
11431,trail,利维亚桑,利维亚桑歼殛战,,,50,
11431,trail,利维亚桑,利维亚桑歼灭战,,,50,
18295,dungeon,狮身巨鹰,冰雪废堡暮卫塔,,,51,
18295,fate,佩鲁的天敌,奥阔帕恰山：飞天魔厨——佩鲁的天敌,32,21.1,90,
18295,fate,真狮鹫,基拉巴尼亚山区：狮鹫物语,26,29,65,
18295,fate,断颈鹰,基拉巴尼亚山区：行刑人的家人——断颈鹰,26.7,25.5,68,
18295,fate,真狮鹫,基拉巴尼亚山区：自血而生,15,25,65,
18295,hunt,弗克施泰因,基拉巴尼亚山区,11,8.5,70,无读条，未测试是否可学会
18295,map,狮鹫,阿巴拉提亚云海,35,10,59,
18295,map,狮鹫,阿巴拉提亚云海,8.5,7.5,59,
18295,map,真狮鹫,基拉巴尼亚山区,26.1,25.2,68,
18295,raid,翻云狮鹫,魔航船虚无方舟,,,60,
18296,carnivale,水之式神、水龙卷,假面狂欢29,,,60,天青斗场中最难的一关，请慎重考虑
18296,raid,有生命活水,亚历山大机神城 启动之章3,,,60,
18296,raid,有生命活水,亚历山大零式机神城 启动之章3,,,60,
18296,treasure,金库液态灵魂,巡梦金库,,,100,寻宝：陈旧的卡冈图亚革地图（G18），需要测试
18297,dungeon,大脚雪人,凛冽洞天披雪大冰壁,,,50,BOSS#2
18297,fate,巨脚雪人,库尔札斯西部高地：吞噬牦牛的巨人——巨脚雪人,20.4,33.4,51,成就危命
18297,map,大脚板岩雪人,库尔扎斯西部高地,25,32,56,
18297,treasure,运河大脚雪人,运河宝物库深层,,,70,寻宝：深层传送魔纹的地图（深绿）
18298,dungeon,火蛇、狱炎火蛇,红玉火山狱之盖,,,70,BOSS #2前小怪
18298,map,雷牙,阿巴拉提亚云海,26,33,50,
18299,raid,浮士德、新型浮士德,亚历山大机神城 律动之章1,,,60,
18299,raid,风暴人偶、浮士德,亚历山大机神城 启动之章1,,,60,BOSS #1及其召唤的小怪
18299,raid,浮士德,亚历山大机神城 启动之章2,,,60,
18299,raid,终极浮士德,亚历山大机神城 天动之章1,,,60,BOSS #1
18299,raid,惩罚人偶,亚历山大零式机神城 启动之章4,,,60,
18300,dungeon,阿修,恶灵府邸静语庄园,,,50,BOSS #2
18300,dungeon,偷书者,学识宝库迦巴勒幻想图书馆,,,59,最终 BOSS 第三次踩塔（虚无召唤）失败后出现的小怪
18300,levequests,焚书任务：回收禁书《青眼怪物》 上级恶魔,龙堡内陆低地,,,58,疑似在高生命值更容易咏唱，同一理符还有 62蛙腿。从伊修加德基础层接取理符，大规模的也可以
18301,hunt,斯奎克,阿巴拉提亚云海,,,60,
18301,hunt,斯特拉斯,龙堡内陆低地,,,60,
18301,map,猴面雀,阿巴拉提亚云海,21,32,50,
18301,map,棕仙,活着的记忆,37,26,90,
18301,treasure,护领棕仙,陈旧的卡冈图亚革地图,,,100,寻宝：陈旧的卡冈图亚革地图（G18），地表小怪
18301,treasure,神殿斯卡尼特,运河宝物库神殿,,,70,寻宝：陈旧的瞪羚革地图（G10）
18302,dungeon,阿里奥克,腐坏遗迹无限城市街古迹,,,50,BOSS #2
18302,dungeon,恩奇都,无限城的死斗,,,50,会使用但是个扇形AOE
18302,dungeon,人工培养疫虫,血战苍穹魔科学研究所,,,60,BOSS#1后小怪
18302,map,疫虫,魔大陆阿济兹拉,30,12,59,
18303,trail,茸茸之愈 库普洛·奇普,莫古力贤王歼殛战,,,50,若咏唱过程中治疗目标被击杀，咏唱会被打断
18303,trail,茸茸之愈 库普洛·奇普,莫古力贤王歼灭战,,,50,若咏唱过程中治疗目标被击杀，咏唱会被打断
18304,hunt,机工兵 斯利普金克斯,龙堡内陆低地,,,60,
18304,raid,亚历山大伏兵、亚历山大挥刀兵,亚历山大机神城 天动之章2,,,60,
18305,carnivale,艾匹罗基,假面狂欢24,,,50,
18305,dungeon,阿班达,秘本宝库迦巴勒幻想图书馆,,,60,BOSS#3前精英怪。即死效果与比例伤害有效
18305,treasure,神殿阿班达,运河宝物库神殿,,,70,寻宝：陈旧的瞪羚革地图（G10）
18306,dungeon,鹰锋女王,草木庭园圣茉夏娜植物园,,,60,BOSS #2
18307,fate,孤独的贝洛·罗格,龙堡内陆低地：等待者——孤独的贝洛·罗格,11.6,34.4,59,
18307,levequests,焚书任务：回收禁书《青眼怪物》- 离水智蛙,龙堡内陆低地,,,58,需要靠近才会使用，同一理符还有 55深渊贯穿。从伊修加德基础层接取理符，大规模的也可以。
18307,map,智蛙,龙堡内陆低地,12,35,59,需要靠近才会使用
18308,dungeon,祖,领航明灯天狼星灯塔,,,50,BOSS #2
18308,dungeon,草原雄鹰,试炼行路巴儿达木霸道,,,65,
18308,fate,安祖主母,阿巴拉提亚云海：黑色怪鸟,,,47,
18308,fate,徘徊祖,奥阔帕恰山：图拉尔候鸟,,,88,
18308,map,安祖,阿巴拉提亚云海,37,36,59,
18308,raid,方舟安祖,魔航船虚无方舟,,,60,即死效果与比例伤害有效
18309,dungeon,神域长颈驼,空中神域不获岛,,,60,无读条，BOSS#2后多只
18309,fate,涅那乌尼尔,基拉巴尼亚山区：复仇鳏夫——涅那乌尼尔,,,68,
18309,map,长颈驼,阿巴拉提亚云海,19,30,56,
18309,map,长颈骆,基拉巴尼亚山区,26.9,29.7,68,
18309,treasure,运河长颈驼,运河宝物库,,,70,寻宝：陈旧的瞪羚革地图（G10）
18309,treasure,运河长颈驼,运河宝物库深层,,,70,寻宝：深层传送魔纹的地图（深绿）
18310,dungeon,白骑士,圣教中枢伊修加德教皇厅,,,57,BOSS #2前后各有一只
18311,dungeon,黑骑士,圣教中枢伊修加德教皇厅,,,57,BOSS #2前后各有一只
18312,dungeon,64页,学识宝库迦巴勒幻想图书馆,,,59,BOSS #1后小怪，在所有人远离拉断线后更容易咏唱
18313,dungeon,武装重甲,监牢铁臂巴埃萨长城,,,60,BOSS #2
18313,dungeon,多玛武装重甲,解放决战多玛王城,,,67,老三前的精英怪
18313,fate,致命武器,基拉巴尼亚山区：失控的最终兵器——致命武器,,,68,同步摸一下仇恨后解除同步等危命失败也有相同概率学会
18313,hunt,伽马,延夏,,,70,
18314,raid,操纵者,亚历山大机神城 启动之章4,,,60,
18314,raid,操纵者,亚历山大零式机神城 启动之章4,,,60,
18315,dungeon,仙人刺守卫,苏醒遗迹喀恩埋没圣堂,,,50,BOSS#2 召唤的小怪
18316,special,学习 50 个技能后可从[乌尔达哈来生回廊]的[异男子嘎希迦]处获得[天青图腾],,,,1,
18317,special,完成 30 个假面狂欢关卡后可从[乌尔达哈来生回廊]的[异男子嘎希迦]处获得[天青图腾],,,,1,
18318,dungeon,瓦魔蛾,腐坏遗迹无限城市街古迹,,,50,1号boss前3体，第3体较远，同时拉到的其他敌人HP50%以下时使用
18318,map,阿巴拉提亚瓦魔蛾,阿巴拉提亚云海,10,17,57,同时拉住另一只怪并将另一只怪血量削到55%以下，注意不要和附近同模小一些的天窗瓦魔蛾搞混
18319,dungeon,雷雅克魔龙,邪龙王座龙巢神殿,,,55,BOSS #1小怪
18319,map,云上双足飞龙,翻云雾海,25,28,56,
18320,dungeon,腐坏贪吃鬼,腐坏遗迹无限城市街古迹,,,50,BOSS #1
18320,dungeon,泥口花,污染庭园圣茉夏娜植物园,,,70,BOSS#1 同一副本还有专属技能 87污泥泼洒
18320,fate,得酷热涅,夏劳尼荒野：蛇王得酷热涅：荒野的死斗,,,100,成就fate，未确定可习得
18320,hunt,马希沙,基拉巴尼亚湖区,,,70,
18320,hunt,尤兰,萨维奈岛,,,90,未确定可习得
18320,raid,大王花,巴哈姆特大迷宫 入侵之章1,,,50,最终BOSS
18320,raid,神杖巨蛇,巴哈姆特大迷宫 邂逅之章1,,,50,最终BOSS。场地闪烁蓝光时，里面有人会产生暗物质粘液怪，神杖巨蛇与暗物质粘液怪接触后发动。
18320,raid,刻耳柏洛斯,水晶塔 暗之世界,,,50,
18321,carnivale,斗场抄写员,假面狂欢24,,,50,
18321,dungeon,自走人偶抄写员,秘本宝库迦巴勒幻想图书馆,,,60,BOSS#2后小怪
18322,dungeon,腐化物,地脉灵灯天狼星灯塔,,,60,BOSS#1召唤的小怪，无法从此前同名小怪处习得
18323,trail,罗波那,罗波那歼殛战,,,60,
18323,trail,罗波那,罗波那歼灭战,,,53,
18324,trail,索菲娅,索菲娅歼殛战,,,60,
18324,trail,索菲娅,索菲娅歼灭战,,,60,
18325,raid,残暴正义号,亚历山大机神城 律动之章4,,,60,最终阶段上天运动会时瞬发使用。同一副本还有专属技能 41精神冲击
18325,raid,残暴正义号,亚历山大零式机神城 律动之章4,,,60,最终阶段上天运动会时瞬发使用。同一副本还有专属技能 41精神冲击
23264,hunt,闪雷击 鱼雷,延夏,,,70,
23264,map,惠比寿鲶鱼精,延夏,28,8,67,
23265,hunt,闪雷击 鱼雷,延夏,,,70,
23265,map,惠比寿鲶鱼精,延夏,28,8,67,
23266,dungeon,道顺丸,恶党孤城黄金阁,,,70,BOSS #2
23267,dungeon,雾龙,死亡大地终末焦土,,,70,BOSS #3，需故意留下三龙头之一或更多，否则咏唱会被打断，推荐携带73蜕皮来驱散冻伤，降低翻车率
23269,trail,吉祥天女,吉祥天女歼殛战,,,70,
23269,trail,吉祥天女,吉祥天女歼灭战,,,67,
23270,raid,魔列车,欧米茄零式时空狭缝 西格玛幻境1,,,70,
23270,raid,魔列车,欧米茄时空狭缝 西格玛幻境1,,,70,
23271,dungeon,枯腐泥妖,污染庭园圣茉夏娜植物园,,,70,BOSS #3，同一副本还有专属技能 75捕食
23271,hunt,泥人,伊尔美格,,,80,
23272,special,达到 70 级后可从[乌尔达哈来生回廊]的[异男子嘎希迦]处获得[天青图腾],,,,70,
23273,dungeon,玄武,红玉火山狱之盖,,,70,BOSS #3
23275,dungeon,双豹伊沃恩,修行古刹星导寺,,,70,BOSS #3
23276,dungeon,凶豹所闻，凶豹所忆,修行古刹星导寺,,,70,BOSS #1，在另一方被击杀后使用
23276,map,高阶长须豹,拉诺西亚高地,9,21.5,24,
23277,hunt,蛇仆蚂蜓,基拉巴尼亚山区,,,70,
23277,map,恐甲蚂蜓,基拉巴尼亚山区,11,26,68,疑似高血量更容易施放
23277,treasure,运河恐甲蚂蜓,运河宝物库,,,70,寻宝：陈旧的瞪羚革地图（G10）
23277,treasure,运河恐甲蚂蜓 ,运河宝物库深层,,,70,寻宝：深层传送魔纹的地图（深绿）
23278,raid,老者,欧米茄零式时空狭缝 德尔塔幻境1,,,70,
23278,raid,老者,欧米茄时空狭缝 德尔塔幻境1,,,70,
23279,raid,欧米茄,欧米茄零式时空狭缝 阿尔法幻境3,,,70,
23279,raid,欧米茄,欧米茄时空狭缝 阿尔法幻境3,,,70,
23280,special,学习 100 个技能后可从[乌尔达哈来生回廊]的[异男子嘎希迦]处获得[天青图腾],,,,70,
23281,fate,簇生陀鲁婆,迷津：晶心冻魄,,,85,
23281,hunt,泛光晶体,基拉巴尼亚湖区,,,70,
23281,map,陀鲁婆,基拉巴尼亚湖区,22,22,69,
23281,treasure,运河陀鲁婆,运河宝物库,,,70,寻宝：陈旧的瞪羚革地图（G10）
23281,treasure,运河陀鲁婆,运河宝物库深层,,,70,寻宝：深层传送魔纹的地图（深绿）
23282,dungeon,凯尔派,沉没神殿斯卡拉遗迹,,,70,BOSS #1
23283,dungeon,赛太岁,风水灵庙岩燕庙,,,70,1号boss前、3号boss前小怪不会使用，仅2号boss前过道的1体会使用
23284,map,追猎种陆行鸟,龙堡参天高地,34.7,28.8,53,
23284,map,追猎种陆行鸟,龙堡参天高地,37.4,23.6,53,
23284,raid,?,失落之都拉巴纳斯塔,,,70,
23285,special,学习 100 个技能后可从[乌尔达哈来生回廊]的[异男子嘎希迦]处获得[天青图腾],,,,70,
23286,raid,欧米茄,欧米茄零式时空狭缝 阿尔法幻境3,,,70,
23286,raid,欧米茄,欧米茄时空狭缝 阿尔法幻境3,,,70,同一副本还有专属技能 2火炎放射 101生成外设
23287,dungeon,齐天大圣,风水灵庙岩燕庙,,,70,BOSS #3
23288,trail,朱雀,朱雀诗魂战,,,70,
23288,trail,朱雀,朱雀镇魂战,,,70,
23290,trail,月读,月读歼灭战,,,70,
23290,trail,月读,月读幽夜歼灭战,,,70,
34563,hunt,小小杀手,珂露西亚岛,,,80,
34563,map,大哥布林,珂露西亚岛,33,33,70,
34563,map,大哥布林,珂露西亚岛,37,28,70,
34563,map,大哥布林守卫,珂露西亚岛,26,10,70,
34564,dungeon,大犰狳,避暑离宫马利卡大井,,,77,BOSS#1。即死效果与比例伤害有效
34565,hunt,金刚鸠摩罗,萨维奈岛,,,90,
34565,map,硬鳞犰狳,安穆·艾兰,17,30,77,疑似生命值达到50%时使用
34565,map,长尾犰狳,安穆·艾兰,17,30,77,体力降到25%时使用
34566,dungeon,群落犰狳,避暑离宫马利卡大井,,,77,BOSS#1召唤的小怪。即死效果与比例伤害有效
34566,map,滑溜犰狳,安穆·艾兰,32,9,70,
34567,special,达到 80 级后可从[乌尔达哈来生回廊]的[异男子嘎希迦]处获得[天青图腾],,,,80,
34568,dungeon,幻光狂战士,暗影决战诺弗兰特,,,80,BOSS #3
34569,dungeon,土泥人,魔术工房玛托雅工作室,,,80,BOSS #1
34570,dungeon,宫殿的隐者,魔法宫殿宇宙宫,,,80,BOSS #1
34571,trail,红宝石神兵,红宝石神兵狂想作战,,,80,PART.1
34571,trail,红宝石神兵,红宝石神兵破坏作战,,,80,PART.1
34572,trail,缇坦妮雅,缇坦妮雅歼殛战,,,80,
34572,trail,缇坦妮雅,缇坦妮雅歼灭战,,,73,
34573,raid,至尊伊甸,伊甸零式希望乐园 觉醒之章1,,,80,
34573,raid,至尊伊甸,伊甸希望乐园 觉醒之章1,,,80,
34574,dungeon,得到宽恕的猥亵,伪造天界格鲁格火山,,,79,BOSS #3
34575,special,学习 120 个技能后可从[乌尔达哈来生回廊]的[异男子嘎希迦]处获得[天青图腾],,,,80,
34575,trail,萨菲洛特,萨菲洛特歼殛战,,,60,
34576,trail,无瑕灵君,无瑕灵君歼殛战,,,80,
34576,trail,无瑕灵君,无瑕灵君歼灭战,,,79,
34577,raid,伊甸之约,伊甸零式希望乐园 再生之章4,,,80,
34577,raid,伊甸之约,伊甸希望乐园 再生之章4,,,80,
34578,dungeon,美眼 因克·佐恩,水妖幻园多恩美格禁园,,,73,BOSS #1
34579,dungeon,卢格斯,魔法宫殿宇宙宫,,,80,BOSS #3
34580,dungeon,水滴精,魔术工房玛托雅工作室,,,80,BOSS #2转场技能
34581,dungeon,至大灾兽,末日暗影亚马乌罗提,,,80,BOSS #3
34582,trail,缇坦妮雅,缇坦妮雅歼殛战,,,80,
34582,trail,缇坦妮雅,缇坦妮雅歼灭战,,,73,
